Gene_Name,CAPNS1,PFN2,PYGB,SCRN1,CCND1,HTRA1,ITGB5,RALB,TWF1,ANXA2,PKM,ACTN1,ANXA5,PTMS,CD63,RAB13,CBR1,SQSTM1,HCLS1,PTPRCAP,PTPRC,CORO1A,ARHGDIB,LAPTM5,WAS,CXCR4,LRMP,DAG1,PIR,MYB,EMP2,XPO1
TESTSAMPLE0,7.526299137,7.115957687,5.826011313,5.348792611,4.747327722,7.73469915,4.805023124,4.149271755,4.474112699,5.85185889,8.583119958,4.640168049,6.850091224,8.737523616,9.182578498,6.268497637,5.796997871,7.119970518,4.217121225,3.099165137,2.178110849,5.325092267,5.669994091,6.237469441,3.234545263,3.605440441,1.828815616,4.668367553,3.408292998,0.448542698,2.081670951,6
TESTSAMPLE1,8.526299137,8.115957687,6.826011313,6.348792611,5.747327722,8.73469915,5.805023124,5.149271755,5.474112699,6.85185889,9.583119958,5.640168049,7.850091224,9.737523616,10.1825785,7.268497637,6.796997871,8.119970518,5.217121225,4.099165137,3.178110849,6.325092267,6.669994091,7.237469441,4.234545263,4.605440441,2.828815616,5.668367553,4.408292998,1.448542698,3.081670951,4
TESTSAMPLE2,6.526299137,6.115957687,4.826011313,4.348792611,3.747327722,6.73469915,3.805023124,3.149271755,3.474112699,4.85185889,7.583119958,3.640168049,5.850091224,7.737523616,8.182578498,5.268497637,4.796997871,6.119970518,3.217121225,2.099165137,1.178110849,4.325092267,4.669994091,5.237469441,2.234545263,2.605440441,0.828815616,3.668367553,2.408292998,-0.551457302,1.081670951,3
